<?xml version="1.0" encoding="utf-16"?>
<SSC>
  <SunSystemsContext>
    <BusinessUnit>PPL</BusinessUnit>
    <BudgetCode>A</BudgetCode>
  </SunSystemsContext>
  <MethodContext>
    <LedgerPostingParameters>
      <Description>131383</Description>
      <PostingType>2</PostingType>
      <DefaultPeriod />
      <SuppressSubstitutedMessages>Y</SuppressSubstitutedMessages>
    </LedgerPostingParameters>
  </MethodContext>
  <Payload>
    <Ledger>
      <Line>
        <AccountCode>111021001</AccountCode>
        <AccountingPeriod>0011980</AccountingPeriod>
        <AnalysisCode1 />
        <AnalysisCode2>15</AnalysisCode2>
        <AnalysisCode3>85</AnalysisCode3>
        <AnalysisCode4>1702</AnalysisCode4>
        <AnalysisCode5>7</AnalysisCode5>
        <AnalysisCode6 />
        <AnalysisCode7 />
        <AnalysisCode8>Y</AnalysisCode8>
        <AnalysisCode9 />
        <AnalysisCode10>N/A</AnalysisCode10>
        <BaseAmount>96.76</BaseAmount>
        <CurrencyCode>GBP</CurrencyCode>
        <DebitCredit>C</DebitCredit>
        <Description>PLET0029393</Description>
        <EntryDate>02072015</EntryDate>
        <JournalSource>PPL</JournalSource>
        <JournalType>SNBU</JournalType>
        <TransactionAmount>96.76</TransactionAmount>
        <TransactionAmountDecimalPlaces>2</TransactionAmountDecimalPlaces>
        <TransactionDate>01082014</TransactionDate>
        <TransactionReference>1317581R</TransactionReference>
        <MemoAmount>222.97</MemoAmount>
        <DetailLad>
          <GeneralDescription1>CLJX23RP04</GeneralDescription1>
          <GeneralDescription2>PLET0029393</GeneralDescription2>
          <GeneralDescription3>Ms J Clayton                  </GeneralDescription3>
          <GeneralDescription4>6.0000000000</GeneralDescription4>
          <GeneralDescription5>12.62</GeneralDescription5>
          <GeneralDescription6>Main</GeneralDescription6>
          <GeneralDescription7>46.0000000000</GeneralDescription7>
          <GeneralDescription8>32.5000000000</GeneralDescription8>
          <GeneralDescription9>13.5000000000</GeneralDescription9>
          <GeneralDescription10>96.76</GeneralDescription10>
          <GeneralDescription11>68.36</GeneralDescription11>
          <GeneralDescription12>28.40</GeneralDescription12>
          <GeneralDescription13>TIC (UK) Ltd t/a The Insurance</GeneralDescription13>
          <GeneralDescription14 />
          <GeneralDescription15 />
          <GeneralDescription16>1</GeneralDescription16>
          <GeneralDescription18>B01495</GeneralDescription18>
          <GeneralDate1>01082014</GeneralDate1>
          <GeneralDate2>01082014</GeneralDate2>
        </DetailLad>
      </Line>
      <Line>
        <AccountCode>111023500</AccountCode>
        <AccountingPeriod>0011980</AccountingPeriod>
        <AnalysisCode1 />
        <AnalysisCode2>15</AnalysisCode2>
        <AnalysisCode3>85</AnalysisCode3>
        <AnalysisCode4>1702</AnalysisCode4>
        <AnalysisCode5>7</AnalysisCode5>
        <AnalysisCode6 />
        <AnalysisCode7 />
        <AnalysisCode8>Y</AnalysisCode8>
        <AnalysisCode9 />
        <AnalysisCode10>N/A</AnalysisCode10>
        <BaseAmount>68.36</BaseAmount>
        <CurrencyCode>GBP</CurrencyCode>
        <DebitCredit>D</DebitCredit>
        <Description>PLET0029393</Description>
        <EntryDate>02072015</EntryDate>
        <JournalSource>PPL</JournalSource>
        <JournalType>SNBU</JournalType>
        <TransactionAmount>68.36</TransactionAmount>
        <TransactionAmountDecimalPlaces>2</TransactionAmountDecimalPlaces>
        <TransactionDate>01082014</TransactionDate>
        <TransactionReference>1317581R</TransactionReference>
        <MemoAmount>222.97</MemoAmount>
        <DetailLad>
          <GeneralDescription1>CLJX23RP04</GeneralDescription1>
          <GeneralDescription2>PLET0029393</GeneralDescription2>
          <GeneralDescription3>Ms J Clayton                  </GeneralDescription3>
          <GeneralDescription4>6.0000000000</GeneralDescription4>
          <GeneralDescription5>12.62</GeneralDescription5>
          <GeneralDescription6>Main</GeneralDescription6>
          <GeneralDescription7>46.0000000000</GeneralDescription7>
          <GeneralDescription8>32.5000000000</GeneralDescription8>
          <GeneralDescription9>13.5000000000</GeneralDescription9>
          <GeneralDescription10>96.76</GeneralDescription10>
          <GeneralDescription11>68.36</GeneralDescription11>
          <GeneralDescription12>28.40</GeneralDescription12>
          <GeneralDescription13>TIC (UK) Ltd t/a The Insurance</GeneralDescription13>
          <GeneralDescription14 />
          <GeneralDescription15 />
          <GeneralDescription16>1</GeneralDescription16>
          <GeneralDescription18>B01495</GeneralDescription18>
          <GeneralDate1>01082014</GeneralDate1>
          <GeneralDate2>01082014</GeneralDate2>
        </DetailLad>
      </Line>
      <Line>
        <AccountCode>IBA001702</AccountCode>
        <AccountingPeriod>0011980</AccountingPeriod>
        <AnalysisCode1 />
        <AnalysisCode2>15</AnalysisCode2>
        <AnalysisCode3>85</AnalysisCode3>
        <AnalysisCode4>1702</AnalysisCode4>
        <AnalysisCode5>7</AnalysisCode5>
        <AnalysisCode6 />
        <AnalysisCode7 />
        <AnalysisCode8>Y</AnalysisCode8>
        <AnalysisCode9 />
        <AnalysisCode10>N/A</AnalysisCode10>
        <BaseAmount>154.61</BaseAmount>
        <CurrencyCode>GBP</CurrencyCode>
        <DebitCredit>D</DebitCredit>
        <Description>PLET0029393</Description>
        <EntryDate>02072015</EntryDate>
        <JournalSource>PPL</JournalSource>
        <JournalType>SNBU</JournalType>
        <TransactionAmount>154.61</TransactionAmount>
        <TransactionAmountDecimalPlaces>2</TransactionAmountDecimalPlaces>
        <TransactionDate>01082014</TransactionDate>
        <TransactionReference>1317581R</TransactionReference>
        <MemoAmount>222.97</MemoAmount>
        <DetailLad>
          <GeneralDescription1>CLJX23RP04</GeneralDescription1>
          <GeneralDescription2>PLET0029393</GeneralDescription2>
          <GeneralDescription3>Ms J Clayton                  </GeneralDescription3>
          <GeneralDescription4>6.0000000000</GeneralDescription4>
          <GeneralDescription5>12.62</GeneralDescription5>
          <GeneralDescription6>Main</GeneralDescription6>
          <GeneralDescription7>46.0000000000</GeneralDescription7>
          <GeneralDescription8>32.5000000000</GeneralDescription8>
          <GeneralDescription9>13.5000000000</GeneralDescription9>
          <GeneralDescription10>96.76</GeneralDescription10>
          <GeneralDescription11>68.36</GeneralDescription11>
          <GeneralDescription12>28.40</GeneralDescription12>
          <GeneralDescription13>TIC (UK) Ltd t/a The Insurance</GeneralDescription13>
          <GeneralDescription14 />
          <GeneralDescription15 />
          <GeneralDescription16>1</GeneralDescription16>
          <GeneralDescription18>B01495</GeneralDescription18>
          <GeneralDate1>01082014</GeneralDate1>
          <GeneralDate2>01082014</GeneralDate2>
        </DetailLad>
      </Line>
      <Line>
        <AccountCode>IBA000085</AccountCode>
        <AccountingPeriod>0011980</AccountingPeriod>
        <AnalysisCode1 />
        <AnalysisCode2>15</AnalysisCode2>
        <AnalysisCode3>85</AnalysisCode3>
        <AnalysisCode4>1702</AnalysisCode4>
        <AnalysisCode5>7</AnalysisCode5>
        <AnalysisCode6 />
        <AnalysisCode7 />
        <AnalysisCode8>Y</AnalysisCode8>
        <AnalysisCode9 />
        <AnalysisCode10>N/A</AnalysisCode10>
        <BaseAmount>126.21</BaseAmount>
        <CurrencyCode>GBP</CurrencyCode>
        <DebitCredit>C</DebitCredit>
        <Description>PLET0029393</Description>
        <EntryDate>02072015</EntryDate>
        <JournalSource>PPL</JournalSource>
        <JournalType>SNBU</JournalType>
        <TransactionAmount>126.21</TransactionAmount>
        <TransactionAmountDecimalPlaces>2</TransactionAmountDecimalPlaces>
        <TransactionDate>01082014</TransactionDate>
        <TransactionReference>1317581R</TransactionReference>
        <MemoAmount>222.97</MemoAmount>
        <DetailLad>
          <GeneralDescription1>CLJX23RP04</GeneralDescription1>
          <GeneralDescription2>PLET0029393</GeneralDescription2>
          <GeneralDescription3>Ms J Clayton                  </GeneralDescription3>
          <GeneralDescription4>6.0000000000</GeneralDescription4>
          <GeneralDescription5>12.62</GeneralDescription5>
          <GeneralDescription6>Main</GeneralDescription6>
          <GeneralDescription7>46.0000000000</GeneralDescription7>
          <GeneralDescription8>32.5000000000</GeneralDescription8>
          <GeneralDescription9>13.5000000000</GeneralDescription9>
          <GeneralDescription10>96.76</GeneralDescription10>
          <GeneralDescription11>68.36</GeneralDescription11>
          <GeneralDescription12>28.40</GeneralDescription12>
          <GeneralDescription13>TIC (UK) Ltd t/a The Insurance</GeneralDescription13>
          <GeneralDescription14 />
          <GeneralDescription15 />
          <GeneralDescription16>1</GeneralDescription16>
          <GeneralDescription18>B01495</GeneralDescription18>
          <GeneralDate1>01082014</GeneralDate1>
          <GeneralDate2>01082014</GeneralDate2>
        </DetailLad>
      </Line>
    </Ledger>
  </Payload>
</SSC>