<?xml version="1.0" encoding="utf-16"?>
<SSC>
  <SunSystemsContext>
    <BusinessUnit>PPL</BusinessUnit>
    <BudgetCode>A</BudgetCode>
  </SunSystemsContext>
  <MethodContext>
    <LedgerPostingParameters>
      <Description>11779</Description>
      <PostingType>2</PostingType>
      <DefaultPeriod />
      <SuppressSubstitutedMessages>Y</SuppressSubstitutedMessages>
    </LedgerPostingParameters>
  </MethodContext>
  <Payload>
    <Ledger>
      <Line>
        <AccountCode>111021001</AccountCode>
        <AccountingPeriod>0011980</AccountingPeriod>
        <AnalysisCode1 />
        <AnalysisCode2>17</AnalysisCode2>
        <AnalysisCode3>77</AnalysisCode3>
        <AnalysisCode4>1690</AnalysisCode4>
        <AnalysisCode5>7</AnalysisCode5>
        <AnalysisCode6 />
        <AnalysisCode7 />
        <AnalysisCode8>Y</AnalysisCode8>
        <AnalysisCode9 />
        <AnalysisCode10>N/A</AnalysisCode10>
        <BaseAmount>78.44</BaseAmount>
        <CurrencyCode>GBP</CurrencyCode>
        <DebitCredit>C</DebitCredit>
        <Description>POWTRA0015900</Description>
        <EntryDate>02072015</EntryDate>
        <JournalSource>PPL</JournalSource>
        <JournalType>SNBU</JournalType>
        <TransactionAmount>78.44</TransactionAmount>
        <TransactionAmountDecimalPlaces>2</TransactionAmountDecimalPlaces>
        <TransactionDate>20032012</TransactionDate>
        <TransactionReference>543765U</TransactionReference>
        <MemoAmount>263.96</MemoAmount>
        <DetailLad>
          <GeneralDescription1>MOPX03TM03</GeneralDescription1>
          <GeneralDescription2>POWTRA0015900</GeneralDescription2>
          <GeneralDescription3>Mr P Morris                   </GeneralDescription3>
          <GeneralDescription4>6.0000000000</GeneralDescription4>
          <GeneralDescription5>14.94</GeneralDescription5>
          <GeneralDescription6>Main</GeneralDescription6>
          <GeneralDescription7>31.5000000000</GeneralDescription7>
          <GeneralDescription8>22.0000000000</GeneralDescription8>
          <GeneralDescription9>9.5000000000</GeneralDescription9>
          <GeneralDescription10>78.44</GeneralDescription10>
          <GeneralDescription11>54.78</GeneralDescription11>
          <GeneralDescription12>23.66</GeneralDescription12>
          <GeneralDescription13>Independent Insurance Bureau (</GeneralDescription13>
          <GeneralDescription14 />
          <GeneralDescription15 />
          <GeneralDescription16>1</GeneralDescription16>
          <GeneralDescription18>B01320</GeneralDescription18>
          <GeneralDate1>17032012</GeneralDate1>
          <GeneralDate2>20032012</GeneralDate2>
        </DetailLad>
      </Line>
      <Line>
        <AccountCode>111023500</AccountCode>
        <AccountingPeriod>0011980</AccountingPeriod>
        <AnalysisCode1 />
        <AnalysisCode2>17</AnalysisCode2>
        <AnalysisCode3>77</AnalysisCode3>
        <AnalysisCode4>1690</AnalysisCode4>
        <AnalysisCode5>7</AnalysisCode5>
        <AnalysisCode6 />
        <AnalysisCode7 />
        <AnalysisCode8>Y</AnalysisCode8>
        <AnalysisCode9 />
        <AnalysisCode10>N/A</AnalysisCode10>
        <BaseAmount>54.78</BaseAmount>
        <CurrencyCode>GBP</CurrencyCode>
        <DebitCredit>D</DebitCredit>
        <Description>POWTRA0015900</Description>
        <EntryDate>02072015</EntryDate>
        <JournalSource>PPL</JournalSource>
        <JournalType>SNBU</JournalType>
        <TransactionAmount>54.78</TransactionAmount>
        <TransactionAmountDecimalPlaces>2</TransactionAmountDecimalPlaces>
        <TransactionDate>20032012</TransactionDate>
        <TransactionReference>543765U</TransactionReference>
        <MemoAmount>263.96</MemoAmount>
        <DetailLad>
          <GeneralDescription1>MOPX03TM03</GeneralDescription1>
          <GeneralDescription2>POWTRA0015900</GeneralDescription2>
          <GeneralDescription3>Mr P Morris                   </GeneralDescription3>
          <GeneralDescription4>6.0000000000</GeneralDescription4>
          <GeneralDescription5>14.94</GeneralDescription5>
          <GeneralDescription6>Main</GeneralDescription6>
          <GeneralDescription7>31.5000000000</GeneralDescription7>
          <GeneralDescription8>22.0000000000</GeneralDescription8>
          <GeneralDescription9>9.5000000000</GeneralDescription9>
          <GeneralDescription10>78.44</GeneralDescription10>
          <GeneralDescription11>54.78</GeneralDescription11>
          <GeneralDescription12>23.66</GeneralDescription12>
          <GeneralDescription13>Independent Insurance Bureau (</GeneralDescription13>
          <GeneralDescription14 />
          <GeneralDescription15 />
          <GeneralDescription16>1</GeneralDescription16>
          <GeneralDescription18>B01320</GeneralDescription18>
          <GeneralDate1>17032012</GeneralDate1>
          <GeneralDate2>20032012</GeneralDate2>
        </DetailLad>
      </Line>
      <Line>
        <AccountCode>IBA001690</AccountCode>
        <AccountingPeriod>0011980</AccountingPeriod>
        <AnalysisCode1 />
        <AnalysisCode2>17</AnalysisCode2>
        <AnalysisCode3>77</AnalysisCode3>
        <AnalysisCode4>1690</AnalysisCode4>
        <AnalysisCode5>7</AnalysisCode5>
        <AnalysisCode6 />
        <AnalysisCode7 />
        <AnalysisCode8>Y</AnalysisCode8>
        <AnalysisCode9 />
        <AnalysisCode10>N/A</AnalysisCode10>
        <BaseAmount>209.18</BaseAmount>
        <CurrencyCode>GBP</CurrencyCode>
        <DebitCredit>D</DebitCredit>
        <Description>POWTRA0015900</Description>
        <EntryDate>02072015</EntryDate>
        <JournalSource>PPL</JournalSource>
        <JournalType>SNBU</JournalType>
        <TransactionAmount>209.18</TransactionAmount>
        <TransactionAmountDecimalPlaces>2</TransactionAmountDecimalPlaces>
        <TransactionDate>20032012</TransactionDate>
        <TransactionReference>543765U</TransactionReference>
        <MemoAmount>263.96</MemoAmount>
        <DetailLad>
          <GeneralDescription1>MOPX03TM03</GeneralDescription1>
          <GeneralDescription2>POWTRA0015900</GeneralDescription2>
          <GeneralDescription3>Mr P Morris                   </GeneralDescription3>
          <GeneralDescription4>6.0000000000</GeneralDescription4>
          <GeneralDescription5>14.94</GeneralDescription5>
          <GeneralDescription6>Main</GeneralDescription6>
          <GeneralDescription7>31.5000000000</GeneralDescription7>
          <GeneralDescription8>22.0000000000</GeneralDescription8>
          <GeneralDescription9>9.5000000000</GeneralDescription9>
          <GeneralDescription10>78.44</GeneralDescription10>
          <GeneralDescription11>54.78</GeneralDescription11>
          <GeneralDescription12>23.66</GeneralDescription12>
          <GeneralDescription13>Independent Insurance Bureau (</GeneralDescription13>
          <GeneralDescription14 />
          <GeneralDescription15 />
          <GeneralDescription16>1</GeneralDescription16>
          <GeneralDescription18>B01320</GeneralDescription18>
          <GeneralDate1>17032012</GeneralDate1>
          <GeneralDate2>20032012</GeneralDate2>
        </DetailLad>
      </Line>
      <Line>
        <AccountCode>IBA000077</AccountCode>
        <AccountingPeriod>0011980</AccountingPeriod>
        <AnalysisCode1 />
        <AnalysisCode2>17</AnalysisCode2>
        <AnalysisCode3>77</AnalysisCode3>
        <AnalysisCode4>1690</AnalysisCode4>
        <AnalysisCode5>7</AnalysisCode5>
        <AnalysisCode6 />
        <AnalysisCode7 />
        <AnalysisCode8>Y</AnalysisCode8>
        <AnalysisCode9 />
        <AnalysisCode10>N/A</AnalysisCode10>
        <BaseAmount>185.52</BaseAmount>
        <CurrencyCode>GBP</CurrencyCode>
        <DebitCredit>C</DebitCredit>
        <Description>POWTRA0015900</Description>
        <EntryDate>02072015</EntryDate>
        <JournalSource>PPL</JournalSource>
        <JournalType>SNBU</JournalType>
        <TransactionAmount>185.52</TransactionAmount>
        <TransactionAmountDecimalPlaces>2</TransactionAmountDecimalPlaces>
        <TransactionDate>20032012</TransactionDate>
        <TransactionReference>543765U</TransactionReference>
        <MemoAmount>263.96</MemoAmount>
        <DetailLad>
          <GeneralDescription1>MOPX03TM03</GeneralDescription1>
          <GeneralDescription2>POWTRA0015900</GeneralDescription2>
          <GeneralDescription3>Mr P Morris                   </GeneralDescription3>
          <GeneralDescription4>6.0000000000</GeneralDescription4>
          <GeneralDescription5>14.94</GeneralDescription5>
          <GeneralDescription6>Main</GeneralDescription6>
          <GeneralDescription7>31.5000000000</GeneralDescription7>
          <GeneralDescription8>22.0000000000</GeneralDescription8>
          <GeneralDescription9>9.5000000000</GeneralDescription9>
          <GeneralDescription10>78.44</GeneralDescription10>
          <GeneralDescription11>54.78</GeneralDescription11>
          <GeneralDescription12>23.66</GeneralDescription12>
          <GeneralDescription13>Independent Insurance Bureau (</GeneralDescription13>
          <GeneralDescription14 />
          <GeneralDescription15 />
          <GeneralDescription16>1</GeneralDescription16>
          <GeneralDescription18>B01320</GeneralDescription18>
          <GeneralDate1>17032012</GeneralDate1>
          <GeneralDate2>20032012</GeneralDate2>
        </DetailLad>
      </Line>
    </Ledger>
  </Payload>
</SSC>